0,1
Datasets\captcha_images_v2\593914.png,593914
Datasets\captcha_images_v2\731491.png,731491
Datasets\captcha_images_v2\638139.png,638139
Datasets\captcha_images_v2\772057.png,772057
Datasets\captcha_images_v2\349924.png,349924
Datasets\captcha_images_v2\051951.png,051951
Datasets\captcha_images_v2\534676.png,534676
Datasets\captcha_images_v2\094436.png,094436
Datasets\captcha_images_v2\779721.png,779721
Datasets\captcha_images_v2\602027.png,602027
Datasets\captcha_images_v2\172707.png,172707
Datasets\captcha_images_v2\265867.png,265867
Datasets\captcha_images_v2\955989.png,955989
Datasets\captcha_images_v2\012666.png,012666
Datasets\captcha_images_v2\375199.png,375199
Datasets\captcha_images_v2\486507.png,486507
Datasets\captcha_images_v2\327973.png,327973
Datasets\captcha_images_v2\937281.png,937281
Datasets\captcha_images_v2\598472.png,598472
Datasets\captcha_images_v2\143283.png,143283
Datasets\captcha_images_v2\300336.png,300336
Datasets\captcha_images_v2\400623.png,400623
Datasets\captcha_images_v2\239387.png,239387
Datasets\captcha_images_v2\787957.png,787957
Datasets\captcha_images_v2\463719.png,463719
Datasets\captcha_images_v2\269272.png,269272
Datasets\captcha_images_v2\478277.png,478277
Datasets\captcha_images_v2\270374.png,270374
Datasets\captcha_images_v2\170983.png,170983
Datasets\captcha_images_v2\164076.png,164076
Datasets\captcha_images_v2\828762.png,828762
Datasets\captcha_images_v2\961185.png,961185
Datasets\captcha_images_v2\263723.png,263723
Datasets\captcha_images_v2\075999.png,075999
Datasets\captcha_images_v2\666512.png,666512
Datasets\captcha_images_v2\834137.png,834137
Datasets\captcha_images_v2\697523.png,697523
Datasets\captcha_images_v2\570038.png,570038
Datasets\captcha_images_v2\600876.png,600876
Datasets\captcha_images_v2\134347.png,134347
Datasets\captcha_images_v2\878573.png,878573
Datasets\captcha_images_v2\716976.png,716976
Datasets\captcha_images_v2\734779.png,734779
Datasets\captcha_images_v2\632013.png,632013
Datasets\captcha_images_v2\854374.png,854374
Datasets\captcha_images_v2\342748.png,342748
Datasets\captcha_images_v2\378471.png,378471
Datasets\captcha_images_v2\973927.png,973927
Datasets\captcha_images_v2\657858.png,657858
Datasets\captcha_images_v2\780773.png,780773
Datasets\captcha_images_v2\304834.png,304834
Datasets\captcha_images_v2\039376.png,039376
Datasets\captcha_images_v2\767490.png,767490
Datasets\captcha_images_v2\091106.png,091106
Datasets\captcha_images_v2\921042.png,921042
Datasets\captcha_images_v2\888788.png,888788
Datasets\captcha_images_v2\976384.png,976384
Datasets\captcha_images_v2\650483.png,650483
Datasets\captcha_images_v2\178830.png,178830
Datasets\captcha_images_v2\334903.png,334903
Datasets\captcha_images_v2\357649.png,357649
Datasets\captcha_images_v2\838174.png,838174
Datasets\captcha_images_v2\377029.png,377029
Datasets\captcha_images_v2\068670.png,068670
Datasets\captcha_images_v2\248132.png,248132
Datasets\captcha_images_v2\797563.png,797563
Datasets\captcha_images_v2\771348.png,771348
Datasets\captcha_images_v2\742918.png,742918
Datasets\captcha_images_v2\912374.png,912374
Datasets\captcha_images_v2\507197.png,507197
Datasets\captcha_images_v2\891817.png,891817
Datasets\captcha_images_v2\417202.png,417202
Datasets\captcha_images_v2\175512.png,175512
Datasets\captcha_images_v2\897373.png,897373
Datasets\captcha_images_v2\874677.png,874677
Datasets\captcha_images_v2\623131.png,623131
Datasets\captcha_images_v2\130331.png,130331
Datasets\captcha_images_v2\978200.png,978200
Datasets\captcha_images_v2\444567.png,444567
Datasets\captcha_images_v2\395810.png,395810
Datasets\captcha_images_v2\341046.png,341046
Datasets\captcha_images_v2\772654.png,772654
Datasets\captcha_images_v2\034726.png,034726
Datasets\captcha_images_v2\367176.png,367176
Datasets\captcha_images_v2\780276.png,780276
Datasets\captcha_images_v2\623099.png,623099
Datasets\captcha_images_v2\229033.png,229033
Datasets\captcha_images_v2\765972.png,765972
Datasets\captcha_images_v2\595486.png,595486
Datasets\captcha_images_v2\276008.png,276008
Datasets\captcha_images_v2\161909.png,161909
Datasets\captcha_images_v2\570770.png,570770
Datasets\captcha_images_v2\557747.png,557747
Datasets\captcha_images_v2\128859.png,128859
Datasets\captcha_images_v2\349192.png,349192
Datasets\captcha_images_v2\575785.png,575785
Datasets\captcha_images_v2\563747.png,563747
Datasets\captcha_images_v2\367979.png,367979
Datasets\captcha_images_v2\907324.png,907324
Datasets\captcha_images_v2\772022.png,772022
Datasets\captcha_images_v2\433573.png,433573
Datasets\captcha_images_v2\775007.png,775007
Datasets\captcha_images_v2\720007.png,720007
Datasets\captcha_images_v2\233605.png,233605
Datasets\captcha_images_v2\142827.png,142827
Datasets\captcha_images_v2\392276.png,392276
Datasets\captcha_images_v2\169371.png,169371
Datasets\captcha_images_v2\703892.png,703892
Datasets\captcha_images_v2\559744.png,559744
Datasets\captcha_images_v2\740071.png,740071
Datasets\captcha_images_v2\968071.png,968071
Datasets\captcha_images_v2\848199.png,848199
Datasets\captcha_images_v2\635677.png,635677
Datasets\captcha_images_v2\310848.png,310848
Datasets\captcha_images_v2\460141.png,460141
Datasets\captcha_images_v2\027149.png,027149
Datasets\captcha_images_v2\298599.png,298599
Datasets\captcha_images_v2\172806.png,172806
Datasets\captcha_images_v2\792771.png,792771
Datasets\captcha_images_v2\267757.png,267757
Datasets\captcha_images_v2\199999.png,199999
Datasets\captcha_images_v2\293015.png,293015
Datasets\captcha_images_v2\372295.png,372295
Datasets\captcha_images_v2\038875.png,038875
Datasets\captcha_images_v2\050443.png,050443
Datasets\captcha_images_v2\217272.png,217272
Datasets\captcha_images_v2\161675.png,161675
Datasets\captcha_images_v2\138161.png,138161
Datasets\captcha_images_v2\433787.png,433787
Datasets\captcha_images_v2\734787.png,734787
Datasets\captcha_images_v2\940479.png,940479
Datasets\captcha_images_v2\441057.png,441057
Datasets\captcha_images_v2\179191.png,179191
Datasets\captcha_images_v2\715745.png,715745
Datasets\captcha_images_v2\392713.png,392713
Datasets\captcha_images_v2\278870.png,278870
Datasets\captcha_images_v2\740078.png,740078
Datasets\captcha_images_v2\679198.png,679198
Datasets\captcha_images_v2\503257.png,503257
Datasets\captcha_images_v2\797677.png,797677
Datasets\captcha_images_v2\931732.png,931732
Datasets\captcha_images_v2\596943.png,596943
Datasets\captcha_images_v2\098127.png,098127
Datasets\captcha_images_v2\660780.png,660780
Datasets\captcha_images_v2\784390.png,784390
Datasets\captcha_images_v2\773747.png,773747
Datasets\captcha_images_v2\674313.png,674313
Datasets\captcha_images_v2\188322.png,188322
Datasets\captcha_images_v2\851913.png,851913
Datasets\captcha_images_v2\077259.png,077259
Datasets\captcha_images_v2\546272.png,546272
Datasets\captcha_images_v2\637166.png,637166
Datasets\captcha_images_v2\616570.png,616570
Datasets\captcha_images_v2\005492.png,005492
Datasets\captcha_images_v2\517998.png,517998
Datasets\captcha_images_v2\942748.png,942748
Datasets\captcha_images_v2\070747.png,070747
Datasets\captcha_images_v2\994718.png,994718
Datasets\captcha_images_v2\239414.png,239414
Datasets\captcha_images_v2\302417.png,302417
Datasets\captcha_images_v2\681762.png,681762
Datasets\captcha_images_v2\995392.png,995392
Datasets\captcha_images_v2\910482.png,910482
Datasets\captcha_images_v2\935791.png,935791
Datasets\captcha_images_v2\068284.png,068284
Datasets\captcha_images_v2\059913.png,059913
Datasets\captcha_images_v2\027486.png,027486
Datasets\captcha_images_v2\700133.png,700133
Datasets\captcha_images_v2\867807.png,867807
Datasets\captcha_images_v2\689786.png,689786
Datasets\captcha_images_v2\557269.png,557269
Datasets\captcha_images_v2\785961.png,785961
Datasets\captcha_images_v2\454651.png,454651
Datasets\captcha_images_v2\576609.png,576609
Datasets\captcha_images_v2\773654.png,773654
Datasets\captcha_images_v2\681177.png,681177
Datasets\captcha_images_v2\037678.png,037678
Datasets\captcha_images_v2\753866.png,753866
Datasets\captcha_images_v2\375704.png,375704
Datasets\captcha_images_v2\578737.png,578737
Datasets\captcha_images_v2\955968.png,955968
Datasets\captcha_images_v2\409716.png,409716
Datasets\captcha_images_v2\477777.png,477777
Datasets\captcha_images_v2\619047.png,619047
Datasets\captcha_images_v2\318050.png,318050
Datasets\captcha_images_v2\911523.png,911523
Datasets\captcha_images_v2\483807.png,483807
Datasets\captcha_images_v2\644752.png,644752
Datasets\captcha_images_v2\257176.png,257176
Datasets\captcha_images_v2\628731.png,628731
Datasets\captcha_images_v2\104630.png,104630
Datasets\captcha_images_v2\811216.png,811216
Datasets\captcha_images_v2\479908.png,479908
Datasets\captcha_images_v2\489116.png,489116
Datasets\captcha_images_v2\471031.png,471031
Datasets\captcha_images_v2\057697.png,057697
Datasets\captcha_images_v2\109098.png,109098
Datasets\captcha_images_v2\153983.png,153983
Datasets\captcha_images_v2\341746.png,341746
Datasets\captcha_images_v2\777771.png,777771
Datasets\captcha_images_v2\642470.png,642470
Datasets\captcha_images_v2\767575.png,767575
Datasets\captcha_images_v2\373290.png,373290
Datasets\captcha_images_v2\497643.png,497643
Datasets\captcha_images_v2\515085.png,515085
Datasets\captcha_images_v2\456260.png,456260
Datasets\captcha_images_v2\798768.png,798768
Datasets\captcha_images_v2\190607.png,190607
Datasets\captcha_images_v2\801774.png,801774
Datasets\captcha_images_v2\096479.png,096479
Datasets\captcha_images_v2\474675.png,474675
Datasets\captcha_images_v2\769756.png,769756
Datasets\captcha_images_v2\000712.png,000712
Datasets\captcha_images_v2\377807.png,377807
Datasets\captcha_images_v2\622594.png,622594
Datasets\captcha_images_v2\436895.png,436895
Datasets\captcha_images_v2\631364.png,631364
Datasets\captcha_images_v2\375758.png,375758
Datasets\captcha_images_v2\607652.png,607652
Datasets\captcha_images_v2\380971.png,380971
Datasets\captcha_images_v2\658781.png,658781
Datasets\captcha_images_v2\419351.png,419351
Datasets\captcha_images_v2\926773.png,926773
Datasets\captcha_images_v2\571098.png,571098
Datasets\captcha_images_v2\681707.png,681707
Datasets\captcha_images_v2\417927.png,417927
Datasets\captcha_images_v2\461173.png,461173
Datasets\captcha_images_v2\992752.png,992752
Datasets\captcha_images_v2\885007.png,885007
Datasets\captcha_images_v2\739347.png,739347
Datasets\captcha_images_v2\288983.png,288983
Datasets\captcha_images_v2\802941.png,802941
Datasets\captcha_images_v2\313770.png,313770
Datasets\captcha_images_v2\844629.png,844629
Datasets\captcha_images_v2\789387.png,789387
Datasets\captcha_images_v2\871557.png,871557
Datasets\captcha_images_v2\008632.png,008632
Datasets\captcha_images_v2\646707.png,646707
Datasets\captcha_images_v2\497314.png,497314
Datasets\captcha_images_v2\177375.png,177375
Datasets\captcha_images_v2\589752.png,589752
Datasets\captcha_images_v2\078297.png,078297
Datasets\captcha_images_v2\582120.png,582120
Datasets\captcha_images_v2\540610.png,540610
Datasets\captcha_images_v2\740757.png,740757
Datasets\captcha_images_v2\842667.png,842667
Datasets\captcha_images_v2\473400.png,473400
Datasets\captcha_images_v2\577844.png,577844
Datasets\captcha_images_v2\241412.png,241412
Datasets\captcha_images_v2\209589.png,209589
Datasets\captcha_images_v2\376563.png,376563
Datasets\captcha_images_v2\409182.png,409182
Datasets\captcha_images_v2\439577.png,439577
Datasets\captcha_images_v2\416318.png,416318
Datasets\captcha_images_v2\471320.png,471320
Datasets\captcha_images_v2\026708.png,026708
Datasets\captcha_images_v2\447790.png,447790
Datasets\captcha_images_v2\369930.png,369930
Datasets\captcha_images_v2\518632.png,518632
Datasets\captcha_images_v2\896017.png,896017
Datasets\captcha_images_v2\757745.png,757745
Datasets\captcha_images_v2\397773.png,397773
Datasets\captcha_images_v2\367026.png,367026
Datasets\captcha_images_v2\023934.png,023934
Datasets\captcha_images_v2\340433.png,340433
Datasets\captcha_images_v2\519932.png,519932
Datasets\captcha_images_v2\330195.png,330195
Datasets\captcha_images_v2\564409.png,564409
Datasets\captcha_images_v2\711516.png,711516
Datasets\captcha_images_v2\495773.png,495773
Datasets\captcha_images_v2\583876.png,583876
Datasets\captcha_images_v2\761275.png,761275
Datasets\captcha_images_v2\461177.png,461177
Datasets\captcha_images_v2\412151.png,412151
Datasets\captcha_images_v2\807033.png,807033
Datasets\captcha_images_v2\779925.png,779925
Datasets\captcha_images_v2\984105.png,984105
Datasets\captcha_images_v2\784706.png,784706
Datasets\captcha_images_v2\735734.png,735734
Datasets\captcha_images_v2\796800.png,796800
Datasets\captcha_images_v2\277277.png,277277
Datasets\captcha_images_v2\002743.png,002743
Datasets\captcha_images_v2\797787.png,797787
Datasets\captcha_images_v2\260277.png,260277
Datasets\captcha_images_v2\497898.png,497898
Datasets\captcha_images_v2\991411.png,991411
Datasets\captcha_images_v2\349663.png,349663
Datasets\captcha_images_v2\657870.png,657870
Datasets\captcha_images_v2\315570.png,315570
Datasets\captcha_images_v2\880047.png,880047
Datasets\captcha_images_v2\971179.png,971179
Datasets\captcha_images_v2\377772.png,377772
Datasets\captcha_images_v2\221425.png,221425
Datasets\captcha_images_v2\275442.png,275442
Datasets\captcha_images_v2\237129.png,237129
Datasets\captcha_images_v2\653551.png,653551
Datasets\captcha_images_v2\237077.png,237077
Datasets\captcha_images_v2\722472.png,722472
Datasets\captcha_images_v2\615160.png,615160
Datasets\captcha_images_v2\745231.png,745231
Datasets\captcha_images_v2\032027.png,032027
Datasets\captcha_images_v2\437647.png,437647
Datasets\captcha_images_v2\475212.png,475212
Datasets\captcha_images_v2\944378.png,944378
Datasets\captcha_images_v2\797517.png,797517
Datasets\captcha_images_v2\801795.png,801795
Datasets\captcha_images_v2\885041.png,885041
Datasets\captcha_images_v2\258791.png,258791
Datasets\captcha_images_v2\915254.png,915254
Datasets\captcha_images_v2\983227.png,983227
Datasets\captcha_images_v2\859423.png,859423
Datasets\captcha_images_v2\278757.png,278757
Datasets\captcha_images_v2\028757.png,028757
Datasets\captcha_images_v2\277882.png,277882
Datasets\captcha_images_v2\713338.png,713338
Datasets\captcha_images_v2\722199.png,722199
Datasets\captcha_images_v2\127243.png,127243
Datasets\captcha_images_v2\472859.png,472859
Datasets\captcha_images_v2\794031.png,794031
Datasets\captcha_images_v2\399865.png,399865
Datasets\captcha_images_v2\592555.png,592555
Datasets\captcha_images_v2\872107.png,872107
Datasets\captcha_images_v2\998587.png,998587
Datasets\captcha_images_v2\745867.png,745867
Datasets\captcha_images_v2\458212.png,458212
Datasets\captcha_images_v2\016231.png,016231
Datasets\captcha_images_v2\739544.png,739544
Datasets\captcha_images_v2\687337.png,687337
Datasets\captcha_images_v2\030952.png,030952
Datasets\captcha_images_v2\455539.png,455539
Datasets\captcha_images_v2\147059.png,147059
Datasets\captcha_images_v2\478597.png,478597
Datasets\captcha_images_v2\278776.png,278776
Datasets\captcha_images_v2\231402.png,231402
Datasets\captcha_images_v2\405197.png,405197
Datasets\captcha_images_v2\878477.png,878477
Datasets\captcha_images_v2\796770.png,796770
Datasets\captcha_images_v2\198145.png,198145
Datasets\captcha_images_v2\034372.png,034372
Datasets\captcha_images_v2\685697.png,685697
Datasets\captcha_images_v2\562477.png,562477
Datasets\captcha_images_v2\400187.png,400187
Datasets\captcha_images_v2\304128.png,304128
Datasets\captcha_images_v2\862964.png,862964
Datasets\captcha_images_v2\178806.png,178806
Datasets\captcha_images_v2\881295.png,881295
Datasets\captcha_images_v2\234793.png,234793
Datasets\captcha_images_v2\603908.png,603908
Datasets\captcha_images_v2\871861.png,871861
Datasets\captcha_images_v2\855970.png,855970
Datasets\captcha_images_v2\987041.png,987041
Datasets\captcha_images_v2\042418.png,042418
Datasets\captcha_images_v2\011145.png,011145
Datasets\captcha_images_v2\187997.png,187997
Datasets\captcha_images_v2\927705.png,927705
Datasets\captcha_images_v2\677926.png,677926
Datasets\captcha_images_v2\083926.png,083926
Datasets\captcha_images_v2\578621.png,578621
Datasets\captcha_images_v2\137803.png,137803
Datasets\captcha_images_v2\401782.png,401782
Datasets\captcha_images_v2\767161.png,767161
Datasets\captcha_images_v2\496524.png,496524
Datasets\captcha_images_v2\681745.png,681745
Datasets\captcha_images_v2\121747.png,121747
Datasets\captcha_images_v2\948760.png,948760
Datasets\captcha_images_v2\347927.png,347927
Datasets\captcha_images_v2\327895.png,327895
Datasets\captcha_images_v2\907717.png,907717
Datasets\captcha_images_v2\547436.png,547436
Datasets\captcha_images_v2\568945.png,568945
Datasets\captcha_images_v2\738977.png,738977
Datasets\captcha_images_v2\731431.png,731431
Datasets\captcha_images_v2\965532.png,965532
Datasets\captcha_images_v2\232119.png,232119
Datasets\captcha_images_v2\395582.png,395582
Datasets\captcha_images_v2\017057.png,017057
Datasets\captcha_images_v2\084768.png,084768
Datasets\captcha_images_v2\741248.png,741248
Datasets\captcha_images_v2\616037.png,616037
Datasets\captcha_images_v2\030055.png,030055
Datasets\captcha_images_v2\989184.png,989184
Datasets\captcha_images_v2\212570.png,212570
Datasets\captcha_images_v2\336074.png,336074
Datasets\captcha_images_v2\977747.png,977747
Datasets\captcha_images_v2\266709.png,266709
Datasets\captcha_images_v2\416169.png,416169
Datasets\captcha_images_v2\333541.png,333541
Datasets\captcha_images_v2\875116.png,875116
Datasets\captcha_images_v2\091822.png,091822
Datasets\captcha_images_v2\426632.png,426632
Datasets\captcha_images_v2\319774.png,319774
Datasets\captcha_images_v2\552752.png,552752
Datasets\captcha_images_v2\432934.png,432934
Datasets\captcha_images_v2\600539.png,600539
Datasets\captcha_images_v2\423744.png,423744
Datasets\captcha_images_v2\707728.png,707728
Datasets\captcha_images_v2\074574.png,074574
Datasets\captcha_images_v2\791275.png,791275
Datasets\captcha_images_v2\153834.png,153834
Datasets\captcha_images_v2\671755.png,671755
Datasets\captcha_images_v2\150327.png,150327
Datasets\captcha_images_v2\538593.png,538593
Datasets\captcha_images_v2\875920.png,875920
Datasets\captcha_images_v2\390376.png,390376
Datasets\captcha_images_v2\792747.png,792747
Datasets\captcha_images_v2\284877.png,284877
Datasets\captcha_images_v2\489697.png,489697
Datasets\captcha_images_v2\774773.png,774773
Datasets\captcha_images_v2\047846.png,047846
Datasets\captcha_images_v2\677400.png,677400
Datasets\captcha_images_v2\740981.png,740981
Datasets\captcha_images_v2\793756.png,793756
Datasets\captcha_images_v2\387782.png,387782
Datasets\captcha_images_v2\825274.png,825274
Datasets\captcha_images_v2\718347.png,718347
Datasets\captcha_images_v2\609977.png,609977
Datasets\captcha_images_v2\737679.png,737679
Datasets\captcha_images_v2\893520.png,893520
Datasets\captcha_images_v2\685377.png,685377
Datasets\captcha_images_v2\247979.png,247979
Datasets\captcha_images_v2\494011.png,494011
Datasets\captcha_images_v2\084261.png,084261
Datasets\captcha_images_v2\919209.png,919209
Datasets\captcha_images_v2\569412.png,569412
Datasets\captcha_images_v2\646033.png,646033
Datasets\captcha_images_v2\344379.png,344379
Datasets\captcha_images_v2\607678.png,607678
Datasets\captcha_images_v2\257096.png,257096
Datasets\captcha_images_v2\136388.png,136388
Datasets\captcha_images_v2\308309.png,308309
Datasets\captcha_images_v2\770302.png,770302
Datasets\captcha_images_v2\127172.png,127172
Datasets\captcha_images_v2\743385.png,743385
Datasets\captcha_images_v2\156541.png,156541
Datasets\captcha_images_v2\760098.png,760098
Datasets\captcha_images_v2\106698.png,106698
Datasets\captcha_images_v2\880701.png,880701
Datasets\captcha_images_v2\451000.png,451000
Datasets\captcha_images_v2\716287.png,716287
Datasets\captcha_images_v2\725302.png,725302
Datasets\captcha_images_v2\670714.png,670714
Datasets\captcha_images_v2\629050.png,629050
Datasets\captcha_images_v2\979471.png,979471
Datasets\captcha_images_v2\012390.png,012390
Datasets\captcha_images_v2\777577.png,777577
Datasets\captcha_images_v2\300057.png,300057
Datasets\captcha_images_v2\765125.png,765125
Datasets\captcha_images_v2\223584.png,223584
Datasets\captcha_images_v2\738769.png,738769
Datasets\captcha_images_v2\540776.png,540776
Datasets\captcha_images_v2\372505.png,372505
Datasets\captcha_images_v2\736752.png,736752
Datasets\captcha_images_v2\664481.png,664481
Datasets\captcha_images_v2\359298.png,359298
Datasets\captcha_images_v2\353439.png,353439
Datasets\captcha_images_v2\497429.png,497429
Datasets\captcha_images_v2\627571.png,627571
Datasets\captcha_images_v2\398183.png,398183
Datasets\captcha_images_v2\894610.png,894610
Datasets\captcha_images_v2\975745.png,975745
Datasets\captcha_images_v2\750157.png,750157
Datasets\captcha_images_v2\143791.png,143791
Datasets\captcha_images_v2\408277.png,408277
Datasets\captcha_images_v2\087095.png,087095
Datasets\captcha_images_v2\478709.png,478709
Datasets\captcha_images_v2\861170.png,861170
Datasets\captcha_images_v2\968173.png,968173
Datasets\captcha_images_v2\370993.png,370993
Datasets\captcha_images_v2\751791.png,751791
Datasets\captcha_images_v2\607567.png,607567
Datasets\captcha_images_v2\781865.png,781865
Datasets\captcha_images_v2\930634.png,930634
Datasets\captcha_images_v2\784707.png,784707
Datasets\captcha_images_v2\188627.png,188627
Datasets\captcha_images_v2\770573.png,770573
Datasets\captcha_images_v2\379642.png,379642
Datasets\captcha_images_v2\539981.png,539981
Datasets\captcha_images_v2\738488.png,738488
Datasets\captcha_images_v2\902905.png,902905
Datasets\captcha_images_v2\037407.png,037407
Datasets\captcha_images_v2\750259.png,750259
Datasets\captcha_images_v2\841187.png,841187
Datasets\captcha_images_v2\569326.png,569326
Datasets\captcha_images_v2\336277.png,336277
Datasets\captcha_images_v2\047714.png,047714
Datasets\captcha_images_v2\531455.png,531455
Datasets\captcha_images_v2\437697.png,437697
Datasets\captcha_images_v2\816315.png,816315
Datasets\captcha_images_v2\971008.png,971008
Datasets\captcha_images_v2\444622.png,444622
Datasets\captcha_images_v2\836814.png,836814
Datasets\captcha_images_v2\270885.png,270885
Datasets\captcha_images_v2\240786.png,240786
Datasets\captcha_images_v2\818176.png,818176
Datasets\captcha_images_v2\300577.png,300577
Datasets\captcha_images_v2\168718.png,168718
Datasets\captcha_images_v2\232621.png,232621
Datasets\captcha_images_v2\717163.png,717163
Datasets\captcha_images_v2\861232.png,861232
Datasets\captcha_images_v2\429577.png,429577
Datasets\captcha_images_v2\288371.png,288371
Datasets\captcha_images_v2\477044.png,477044
Datasets\captcha_images_v2\836167.png,836167
Datasets\captcha_images_v2\725999.png,725999
Datasets\captcha_images_v2\397716.png,397716
Datasets\captcha_images_v2\494129.png,494129
Datasets\captcha_images_v2\237550.png,237550
Datasets\captcha_images_v2\677074.png,677074
Datasets\captcha_images_v2\527088.png,527088
Datasets\captcha_images_v2\081215.png,081215
Datasets\captcha_images_v2\966641.png,966641
Datasets\captcha_images_v2\344681.png,344681
Datasets\captcha_images_v2\678307.png,678307
Datasets\captcha_images_v2\978619.png,978619
Datasets\captcha_images_v2\207047.png,207047
Datasets\captcha_images_v2\532749.png,532749
Datasets\captcha_images_v2\771995.png,771995
Datasets\captcha_images_v2\074384.png,074384
Datasets\captcha_images_v2\381888.png,381888
Datasets\captcha_images_v2\900715.png,900715
Datasets\captcha_images_v2\588787.png,588787
Datasets\captcha_images_v2\717770.png,717770
Datasets\captcha_images_v2\277471.png,277471
Datasets\captcha_images_v2\661773.png,661773
Datasets\captcha_images_v2\999149.png,999149
Datasets\captcha_images_v2\797714.png,797714
Datasets\captcha_images_v2\062977.png,062977
Datasets\captcha_images_v2\227647.png,227647
Datasets\captcha_images_v2\714316.png,714316
Datasets\captcha_images_v2\747342.png,747342
Datasets\captcha_images_v2\079125.png,079125
Datasets\captcha_images_v2\054979.png,054979
Datasets\captcha_images_v2\668405.png,668405
Datasets\captcha_images_v2\107352.png,107352
Datasets\captcha_images_v2\821131.png,821131
Datasets\captcha_images_v2\169755.png,169755
Datasets\captcha_images_v2\488799.png,488799
Datasets\captcha_images_v2\336773.png,336773
Datasets\captcha_images_v2\571673.png,571673
Datasets\captcha_images_v2\283774.png,283774
Datasets\captcha_images_v2\274755.png,274755
Datasets\captcha_images_v2\174774.png,174774
Datasets\captcha_images_v2\299531.png,299531
Datasets\captcha_images_v2\177883.png,177883
Datasets\captcha_images_v2\227739.png,227739
Datasets\captcha_images_v2\757140.png,757140
Datasets\captcha_images_v2\737962.png,737962
Datasets\captcha_images_v2\887164.png,887164
Datasets\captcha_images_v2\431593.png,431593
Datasets\captcha_images_v2\377756.png,377756
Datasets\captcha_images_v2\436541.png,436541
Datasets\captcha_images_v2\979180.png,979180
Datasets\captcha_images_v2\077693.png,077693
Datasets\captcha_images_v2\897466.png,897466
Datasets\captcha_images_v2\375754.png,375754
Datasets\captcha_images_v2\824724.png,824724
Datasets\captcha_images_v2\522692.png,522692
Datasets\captcha_images_v2\767445.png,767445
Datasets\captcha_images_v2\345487.png,345487
Datasets\captcha_images_v2\507180.png,507180
Datasets\captcha_images_v2\751950.png,751950
Datasets\captcha_images_v2\762357.png,762357
Datasets\captcha_images_v2\897129.png,897129
Datasets\captcha_images_v2\466077.png,466077
Datasets\captcha_images_v2\113715.png,113715
Datasets\captcha_images_v2\853793.png,853793
Datasets\captcha_images_v2\955834.png,955834
Datasets\captcha_images_v2\240787.png,240787
Datasets\captcha_images_v2\015779.png,015779
Datasets\captcha_images_v2\916533.png,916533
Datasets\captcha_images_v2\473607.png,473607
Datasets\captcha_images_v2\871707.png,871707
Datasets\captcha_images_v2\605758.png,605758
Datasets\captcha_images_v2\960727.png,960727
Datasets\captcha_images_v2\697578.png,697578
Datasets\captcha_images_v2\003671.png,003671
Datasets\captcha_images_v2\698360.png,698360
Datasets\captcha_images_v2\598798.png,598798
Datasets\captcha_images_v2\805639.png,805639
Datasets\captcha_images_v2\679331.png,679331
Datasets\captcha_images_v2\780771.png,780771
Datasets\captcha_images_v2\305597.png,305597
Datasets\captcha_images_v2\371389.png,371389
Datasets\captcha_images_v2\208797.png,208797
Datasets\captcha_images_v2\030409.png,030409
Datasets\captcha_images_v2\355374.png,355374
Datasets\captcha_images_v2\170575.png,170575
Datasets\captcha_images_v2\414651.png,414651
Datasets\captcha_images_v2\779698.png,779698
Datasets\captcha_images_v2\349092.png,349092
Datasets\captcha_images_v2\270778.png,270778
Datasets\captcha_images_v2\222281.png,222281
Datasets\captcha_images_v2\815813.png,815813
Datasets\captcha_images_v2\699495.png,699495
Datasets\captcha_images_v2\673607.png,673607
Datasets\captcha_images_v2\753268.png,753268
Datasets\captcha_images_v2\747480.png,747480
Datasets\captcha_images_v2\454187.png,454187
Datasets\captcha_images_v2\883838.png,883838
Datasets\captcha_images_v2\751930.png,751930
Datasets\captcha_images_v2\956936.png,956936
Datasets\captcha_images_v2\163947.png,163947
Datasets\captcha_images_v2\292708.png,292708
Datasets\captcha_images_v2\596707.png,596707
Datasets\captcha_images_v2\780037.png,780037
Datasets\captcha_images_v2\497287.png,497287
Datasets\captcha_images_v2\852698.png,852698
Datasets\captcha_images_v2\118675.png,118675
Datasets\captcha_images_v2\305480.png,305480
Datasets\captcha_images_v2\778378.png,778378
Datasets\captcha_images_v2\089097.png,089097
Datasets\captcha_images_v2\357469.png,357469
Datasets\captcha_images_v2\812025.png,812025
Datasets\captcha_images_v2\782256.png,782256
Datasets\captcha_images_v2\713730.png,713730
Datasets\captcha_images_v2\079623.png,079623
Datasets\captcha_images_v2\356695.png,356695
Datasets\captcha_images_v2\074376.png,074376
Datasets\captcha_images_v2\532914.png,532914
Datasets\captcha_images_v2\378425.png,378425
Datasets\captcha_images_v2\861914.png,861914
Datasets\captcha_images_v2\271188.png,271188
Datasets\captcha_images_v2\684728.png,684728
Datasets\captcha_images_v2\334906.png,334906
Datasets\captcha_images_v2\213540.png,213540
Datasets\captcha_images_v2\963819.png,963819
Datasets\captcha_images_v2\447864.png,447864
Datasets\captcha_images_v2\202355.png,202355
Datasets\captcha_images_v2\729387.png,729387
Datasets\captcha_images_v2\578546.png,578546
Datasets\captcha_images_v2\057349.png,057349
Datasets\captcha_images_v2\112737.png,112737
Datasets\captcha_images_v2\672814.png,672814
Datasets\captcha_images_v2\293072.png,293072
Datasets\captcha_images_v2\072179.png,072179
Datasets\captcha_images_v2\857209.png,857209
Datasets\captcha_images_v2\895635.png,895635
Datasets\captcha_images_v2\579123.png,579123
Datasets\captcha_images_v2\371016.png,371016
Datasets\captcha_images_v2\339491.png,339491
Datasets\captcha_images_v2\575190.png,575190
Datasets\captcha_images_v2\417397.png,417397
Datasets\captcha_images_v2\792397.png,792397
Datasets\captcha_images_v2\104731.png,104731
Datasets\captcha_images_v2\677761.png,677761
Datasets\captcha_images_v2\733008.png,733008
Datasets\captcha_images_v2\032205.png,032205
Datasets\captcha_images_v2\279222.png,279222
Datasets\captcha_images_v2\791907.png,791907
Datasets\captcha_images_v2\872021.png,872021
Datasets\captcha_images_v2\837511.png,837511
Datasets\captcha_images_v2\991895.png,991895
Datasets\captcha_images_v2\244909.png,244909
Datasets\captcha_images_v2\805880.png,805880
Datasets\captcha_images_v2\164592.png,164592
Datasets\captcha_images_v2\763577.png,763577
Datasets\captcha_images_v2\725877.png,725877
Datasets\captcha_images_v2\116976.png,116976
Datasets\captcha_images_v2\172214.png,172214
Datasets\captcha_images_v2\320458.png,320458
Datasets\captcha_images_v2\776099.png,776099
Datasets\captcha_images_v2\321771.png,321771
Datasets\captcha_images_v2\157312.png,157312
Datasets\captcha_images_v2\692352.png,692352
Datasets\captcha_images_v2\754233.png,754233
Datasets\captcha_images_v2\792678.png,792678
Datasets\captcha_images_v2\217704.png,217704
Datasets\captcha_images_v2\574270.png,574270
Datasets\captcha_images_v2\644870.png,644870
Datasets\captcha_images_v2\222775.png,222775
Datasets\captcha_images_v2\526730.png,526730
Datasets\captcha_images_v2\535285.png,535285
Datasets\captcha_images_v2\774359.png,774359
Datasets\captcha_images_v2\171267.png,171267
Datasets\captcha_images_v2\877703.png,877703
Datasets\captcha_images_v2\596835.png,596835
Datasets\captcha_images_v2\418503.png,418503
Datasets\captcha_images_v2\095323.png,095323
Datasets\captcha_images_v2\596776.png,596776
Datasets\captcha_images_v2\390674.png,390674
Datasets\captcha_images_v2\988435.png,988435
Datasets\captcha_images_v2\254707.png,254707
Datasets\captcha_images_v2\967691.png,967691
Datasets\captcha_images_v2\123971.png,123971
Datasets\captcha_images_v2\477802.png,477802
Datasets\captcha_images_v2\818068.png,818068
Datasets\captcha_images_v2\741779.png,741779
Datasets\captcha_images_v2\177366.png,177366
Datasets\captcha_images_v2\564239.png,564239
Datasets\captcha_images_v2\759981.png,759981
Datasets\captcha_images_v2\119056.png,119056
Datasets\captcha_images_v2\789375.png,789375
Datasets\captcha_images_v2\371788.png,371788
Datasets\captcha_images_v2\925915.png,925915
Datasets\captcha_images_v2\785876.png,785876
Datasets\captcha_images_v2\018816.png,018816
Datasets\captcha_images_v2\643185.png,643185
Datasets\captcha_images_v2\962556.png,962556
Datasets\captcha_images_v2\680062.png,680062
Datasets\captcha_images_v2\848371.png,848371
Datasets\captcha_images_v2\177669.png,177669
Datasets\captcha_images_v2\171112.png,171112
Datasets\captcha_images_v2\054204.png,054204
Datasets\captcha_images_v2\180011.png,180011
Datasets\captcha_images_v2\393152.png,393152
Datasets\captcha_images_v2\524295.png,524295
Datasets\captcha_images_v2\209203.png,209203
Datasets\captcha_images_v2\933827.png,933827
Datasets\captcha_images_v2\075995.png,075995
Datasets\captcha_images_v2\792385.png,792385
Datasets\captcha_images_v2\383646.png,383646
Datasets\captcha_images_v2\855387.png,855387
Datasets\captcha_images_v2\758229.png,758229
Datasets\captcha_images_v2\579779.png,579779
Datasets\captcha_images_v2\778471.png,778471
Datasets\captcha_images_v2\537578.png,537578
Datasets\captcha_images_v2\234038.png,234038
Datasets\captcha_images_v2\501007.png,501007
Datasets\captcha_images_v2\072737.png,072737
Datasets\captcha_images_v2\329819.png,329819
Datasets\captcha_images_v2\013147.png,013147
Datasets\captcha_images_v2\977153.png,977153
Datasets\captcha_images_v2\659651.png,659651
Datasets\captcha_images_v2\414022.png,414022
Datasets\captcha_images_v2\591697.png,591697
Datasets\captcha_images_v2\026326.png,026326
Datasets\captcha_images_v2\909764.png,909764
Datasets\captcha_images_v2\171771.png,171771
Datasets\captcha_images_v2\029746.png,029746
Datasets\captcha_images_v2\670644.png,670644
Datasets\captcha_images_v2\484518.png,484518
Datasets\captcha_images_v2\163326.png,163326
Datasets\captcha_images_v2\787737.png,787737
Datasets\captcha_images_v2\286763.png,286763
Datasets\captcha_images_v2\076964.png,076964
Datasets\captcha_images_v2\543821.png,543821
Datasets\captcha_images_v2\053151.png,053151
Datasets\captcha_images_v2\687515.png,687515
Datasets\captcha_images_v2\457970.png,457970
Datasets\captcha_images_v2\427912.png,427912
Datasets\captcha_images_v2\856364.png,856364
Datasets\captcha_images_v2\007917.png,007917
Datasets\captcha_images_v2\584271.png,584271
Datasets\captcha_images_v2\787716.png,787716
Datasets\captcha_images_v2\317790.png,317790
Datasets\captcha_images_v2\073616.png,073616
Datasets\captcha_images_v2\035930.png,035930
Datasets\captcha_images_v2\611970.png,611970
Datasets\captcha_images_v2\052950.png,052950
Datasets\captcha_images_v2\407377.png,407377
Datasets\captcha_images_v2\834170.png,834170
Datasets\captcha_images_v2\554783.png,554783
Datasets\captcha_images_v2\677333.png,677333
Datasets\captcha_images_v2\397909.png,397909
Datasets\captcha_images_v2\200365.png,200365
Datasets\captcha_images_v2\903798.png,903798
Datasets\captcha_images_v2\659980.png,659980
Datasets\captcha_images_v2\450258.png,450258
Datasets\captcha_images_v2\595344.png,595344
Datasets\captcha_images_v2\586177.png,586177
Datasets\captcha_images_v2\052370.png,052370
Datasets\captcha_images_v2\436999.png,436999
Datasets\captcha_images_v2\265740.png,265740
Datasets\captcha_images_v2\685215.png,685215
Datasets\captcha_images_v2\057417.png,057417
Datasets\captcha_images_v2\284497.png,284497
Datasets\captcha_images_v2\562475.png,562475
Datasets\captcha_images_v2\881647.png,881647
Datasets\captcha_images_v2\957192.png,957192
Datasets\captcha_images_v2\616870.png,616870
Datasets\captcha_images_v2\634293.png,634293
Datasets\captcha_images_v2\775266.png,775266
Datasets\captcha_images_v2\957409.png,957409
Datasets\captcha_images_v2\714684.png,714684
Datasets\captcha_images_v2\422287.png,422287
Datasets\captcha_images_v2\490468.png,490468
Datasets\captcha_images_v2\794487.png,794487
Datasets\captcha_images_v2\739407.png,739407
Datasets\captcha_images_v2\705346.png,705346
Datasets\captcha_images_v2\139383.png,139383
Datasets\captcha_images_v2\996724.png,996724
Datasets\captcha_images_v2\747274.png,747274
Datasets\captcha_images_v2\873778.png,873778
Datasets\captcha_images_v2\227649.png,227649
Datasets\captcha_images_v2\039435.png,039435
Datasets\captcha_images_v2\849846.png,849846
Datasets\captcha_images_v2\772503.png,772503
Datasets\captcha_images_v2\963319.png,963319
Datasets\captcha_images_v2\577958.png,577958
Datasets\captcha_images_v2\878331.png,878331
Datasets\captcha_images_v2\027993.png,027993
Datasets\captcha_images_v2\228745.png,228745
Datasets\captcha_images_v2\522728.png,522728
Datasets\captcha_images_v2\775774.png,775774
Datasets\captcha_images_v2\877989.png,877989
Datasets\captcha_images_v2\149689.png,149689
Datasets\captcha_images_v2\774251.png,774251
Datasets\captcha_images_v2\071758.png,071758
Datasets\captcha_images_v2\528054.png,528054
Datasets\captcha_images_v2\796812.png,796812
Datasets\captcha_images_v2\780777.png,780777
Datasets\captcha_images_v2\804002.png,804002
Datasets\captcha_images_v2\706019.png,706019
Datasets\captcha_images_v2\764929.png,764929
Datasets\captcha_images_v2\369974.png,369974
Datasets\captcha_images_v2\118278.png,118278
Datasets\captcha_images_v2\212097.png,212097
Datasets\captcha_images_v2\767576.png,767576
Datasets\captcha_images_v2\976064.png,976064
Datasets\captcha_images_v2\728979.png,728979
Datasets\captcha_images_v2\705094.png,705094
Datasets\captcha_images_v2\243052.png,243052
Datasets\captcha_images_v2\463399.png,463399
Datasets\captcha_images_v2\339433.png,339433
Datasets\captcha_images_v2\540899.png,540899
Datasets\captcha_images_v2\575231.png,575231
Datasets\captcha_images_v2\641121.png,641121
Datasets\captcha_images_v2\782499.png,782499
Datasets\captcha_images_v2\192205.png,192205
Datasets\captcha_images_v2\933703.png,933703
Datasets\captcha_images_v2\826143.png,826143
Datasets\captcha_images_v2\584270.png,584270
Datasets\captcha_images_v2\051794.png,051794
Datasets\captcha_images_v2\220870.png,220870
Datasets\captcha_images_v2\747483.png,747483
Datasets\captcha_images_v2\573377.png,573377
Datasets\captcha_images_v2\547280.png,547280
Datasets\captcha_images_v2\233302.png,233302
Datasets\captcha_images_v2\208783.png,208783
Datasets\captcha_images_v2\734179.png,734179
Datasets\captcha_images_v2\608968.png,608968
Datasets\captcha_images_v2\421240.png,421240
Datasets\captcha_images_v2\547178.png,547178
Datasets\captcha_images_v2\487409.png,487409
Datasets\captcha_images_v2\890757.png,890757
Datasets\captcha_images_v2\051067.png,051067
Datasets\captcha_images_v2\876235.png,876235
Datasets\captcha_images_v2\270784.png,270784
Datasets\captcha_images_v2\043576.png,043576
Datasets\captcha_images_v2\357477.png,357477
Datasets\captcha_images_v2\463397.png,463397
Datasets\captcha_images_v2\674897.png,674897
Datasets\captcha_images_v2\718525.png,718525
Datasets\captcha_images_v2\942367.png,942367
Datasets\captcha_images_v2\505089.png,505089
Datasets\captcha_images_v2\549370.png,549370
Datasets\captcha_images_v2\878272.png,878272
Datasets\captcha_images_v2\736177.png,736177
Datasets\captcha_images_v2\243105.png,243105
Datasets\captcha_images_v2\764120.png,764120
Datasets\captcha_images_v2\877970.png,877970
Datasets\captcha_images_v2\314528.png,314528
Datasets\captcha_images_v2\378597.png,378597
Datasets\captcha_images_v2\852747.png,852747
Datasets\captcha_images_v2\313577.png,313577
Datasets\captcha_images_v2\406213.png,406213
Datasets\captcha_images_v2\356926.png,356926
Datasets\captcha_images_v2\017405.png,017405
Datasets\captcha_images_v2\819781.png,819781
Datasets\captcha_images_v2\636927.png,636927
Datasets\captcha_images_v2\084727.png,084727
Datasets\captcha_images_v2\069257.png,069257
Datasets\captcha_images_v2\861971.png,861971
Datasets\captcha_images_v2\087502.png,087502
Datasets\captcha_images_v2\465794.png,465794
Datasets\captcha_images_v2\923339.png,923339
Datasets\captcha_images_v2\354729.png,354729
Datasets\captcha_images_v2\145346.png,145346
Datasets\captcha_images_v2\087609.png,087609
Datasets\captcha_images_v2\022077.png,022077
Datasets\captcha_images_v2\036827.png,036827
Datasets\captcha_images_v2\248086.png,248086
Datasets\captcha_images_v2\152100.png,152100
Datasets\captcha_images_v2\171671.png,171671
Datasets\captcha_images_v2\061703.png,061703
Datasets\captcha_images_v2\849818.png,849818
Datasets\captcha_images_v2\829773.png,829773
Datasets\captcha_images_v2\845683.png,845683
Datasets\captcha_images_v2\706253.png,706253
Datasets\captcha_images_v2\275076.png,275076
Datasets\captcha_images_v2\818396.png,818396
Datasets\captcha_images_v2\508608.png,508608
Datasets\captcha_images_v2\777224.png,777224
Datasets\captcha_images_v2\222725.png,222725
Datasets\captcha_images_v2\035779.png,035779
Datasets\captcha_images_v2\289247.png,289247
Datasets\captcha_images_v2\724036.png,724036
Datasets\captcha_images_v2\173704.png,173704
Datasets\captcha_images_v2\596363.png,596363
Datasets\captcha_images_v2\302878.png,302878
Datasets\captcha_images_v2\736700.png,736700
Datasets\captcha_images_v2\487714.png,487714
Datasets\captcha_images_v2\380702.png,380702
Datasets\captcha_images_v2\717089.png,717089
Datasets\captcha_images_v2\859696.png,859696
Datasets\captcha_images_v2\784341.png,784341
Datasets\captcha_images_v2\415289.png,415289
Datasets\captcha_images_v2\949821.png,949821
Datasets\captcha_images_v2\660772.png,660772
Datasets\captcha_images_v2\499358.png,499358
Datasets\captcha_images_v2\038194.png,038194
Datasets\captcha_images_v2\763086.png,763086
Datasets\captcha_images_v2\794394.png,794394
Datasets\captcha_images_v2\927799.png,927799
Datasets\captcha_images_v2\956829.png,956829
Datasets\captcha_images_v2\248307.png,248307
Datasets\captcha_images_v2\115049.png,115049
Datasets\captcha_images_v2\081752.png,081752
Datasets\captcha_images_v2\738482.png,738482
Datasets\captcha_images_v2\873749.png,873749
Datasets\captcha_images_v2\177821.png,177821
Datasets\captcha_images_v2\807042.png,807042
Datasets\captcha_images_v2\778751.png,778751
Datasets\captcha_images_v2\300349.png,300349
Datasets\captcha_images_v2\430707.png,430707
Datasets\captcha_images_v2\145499.png,145499
Datasets\captcha_images_v2\388212.png,388212
Datasets\captcha_images_v2\717176.png,717176
Datasets\captcha_images_v2\962239.png,962239
Datasets\captcha_images_v2\072196.png,072196
Datasets\captcha_images_v2\786773.png,786773
Datasets\captcha_images_v2\109725.png,109725
Datasets\captcha_images_v2\749375.png,749375
Datasets\captcha_images_v2\433487.png,433487
Datasets\captcha_images_v2\705409.png,705409
Datasets\captcha_images_v2\996067.png,996067
Datasets\captcha_images_v2\777784.png,777784
Datasets\captcha_images_v2\408779.png,408779
Datasets\captcha_images_v2\378178.png,378178
Datasets\captcha_images_v2\245374.png,245374
Datasets\captcha_images_v2\205975.png,205975
Datasets\captcha_images_v2\864279.png,864279
Datasets\captcha_images_v2\931400.png,931400
Datasets\captcha_images_v2\762499.png,762499
Datasets\captcha_images_v2\768777.png,768777
Datasets\captcha_images_v2\257809.png,257809
Datasets\captcha_images_v2\175845.png,175845
Datasets\captcha_images_v2\992620.png,992620
Datasets\captcha_images_v2\462179.png,462179
Datasets\captcha_images_v2\083285.png,083285
Datasets\captcha_images_v2\334253.png,334253
Datasets\captcha_images_v2\748626.png,748626
Datasets\captcha_images_v2\095664.png,095664
Datasets\captcha_images_v2\490558.png,490558
Datasets\captcha_images_v2\598287.png,598287
Datasets\captcha_images_v2\972292.png,972292
Datasets\captcha_images_v2\240761.png,240761
Datasets\captcha_images_v2\570355.png,570355
Datasets\captcha_images_v2\073805.png,073805
Datasets\captcha_images_v2\004644.png,004644
Datasets\captcha_images_v2\825727.png,825727
Datasets\captcha_images_v2\825717.png,825717
Datasets\captcha_images_v2\789815.png,789815
Datasets\captcha_images_v2\683824.png,683824
Datasets\captcha_images_v2\294086.png,294086
Datasets\captcha_images_v2\855339.png,855339
Datasets\captcha_images_v2\672878.png,672878
Datasets\captcha_images_v2\715035.png,715035
Datasets\captcha_images_v2\722337.png,722337
Datasets\captcha_images_v2\360816.png,360816
Datasets\captcha_images_v2\767604.png,767604
Datasets\captcha_images_v2\723774.png,723774
